1,https://facebook.com/,adummy@email.com,emanresu,o6vA/*2HSt4a_h!],foobuzzbar
2,https://www.google.com/,mail@gmail.com,googleuser,LL2Pto!vR&d!Y&I@,fizzbuzzbar
3,https://twitter.com/,tsirp@twitter.com,tsirpinator,I8;l[/D<Qf~lmad],foobarbuzz
4,https://instagram.com/,selfindulgence@isgreat.me,notjustabimbo,fINjf>%lxVI{1ict,memyselfni
5,https://pinterest.com/,looking@pictures.jif,artzor,OBXpzhQvaC({UFGz,daliforprez
6,https://twitter.com/,twitbot@botroost.net,chirpinator,somerandompass,"Sir ChirpALot"
7,https://9gag.com/,me@toilet.pup,wcking,xCLRh~@dFw3jKn}1,yourawizardharry
8,https://liveleak.com/,traffic@accidents.io,crashpornaddict,S^G~cgKwQVq)0XJf,roadrageisgoodforu
9,https://wikipedia.org/,atruescolar@wikia.org,harrypotter,%KUpr@ROJwQ*Bd_+,voldemortdidnothingwrong
10,https://www.twitch.com/,streamer@twitching.com,sofaking,!HuiV7DW9d+*.7Kx,leroyjeeenkings
11,https://www.reddit.com/,reading@reader.com,geekerman,jd[d<q+;gLeCOyxj,r/RoastMe
